cast_id,timeS,prdM,tv290C,c0S/m,flECO-AFL,flECO-AFL1,CStarAt0,par/sat/log,sbeox0V,sbeox0Mm/L,sal00,sigma-é00,sbox0Mm/Kg,depSM,potemp090C,nbin,flag,utc_time,suna_nitrate,suna_match_gap_s
P45_06_CTD_05,362.375,3.333,29.3553,5.790624,0.0312,55.0,0.0865,44.772,1.8216,118.069,35.1617,22.0665,117.517,3.314,29.3545,4,0.0,2026-04-16 17:20:47.375000+00:00,,6.3322
P45_06_CTD_05,378.625,3.833,29.3799,5.792063,0.0221,-20.0,0.0757,49.486,1.8786,123.973,35.1534,22.052,122.673,3.811,29.379,2,0.0,2026-04-16 17:21:03.625000+00:00,,2.6138
P45_06_CTD_05,468.625,4.181,29.4472,5.806361,0.033,-50.0,0.0737,35.586,2.4314,172.459,35.2018,22.0656,171.822,4.157,29.4462,2,0.0,2026-04-16 17:22:33.625000+00:00,,3.974599999
P45_06_CTD_05,469.375,4.799,29.4468,5.806268,0.0312,-37.5,0.075,38.739,2.4273,172.375,35.2013,22.0654,171.613,4.773,29.4456,4,0.0,2026-04-16 17:22:34.375000+00:00,,3.224599999
P45_06_CTD_05,470.375,5.455,29.4412,5.80581,0.0331,32.5,0.0759,37.781,2.4437,173.4,35.202,22.0679,174.268,5.425,29.4399,4,0.0,2026-04-16 17:22:35.375000+00:00,,2.224599999
P45_06_CTD_05,471.375,6.093,29.4331,5.804878,0.0239,117.5,0.073,33.62,2.464,173.853,35.2014,22.0703,175.212,6.059,29.4316,4,0.0,2026-04-16 17:22:36.375000+00:00,-0.34905228886389206,1.224599999
P45_06_CTD_05,472.375,6.825,29.4249,5.804238,0.0404,-110.0,0.0783,32.291,2.4614,174.117,35.2028,22.0741,174.151,6.787,29.4233,4,0.0,2026-04-16 17:22:37.375000+00:00,-0.26000092028496447,0.224599999
P45_06_CTD_05,473.375,7.435,29.4115,5.802683,0.0312,-27.5,0.0733,34.398,2.4619,176.275,35.2019,22.078,174.845,7.394,29.4097,4,0.0,2026-04-16 17:22:38.375000+00:00,-0.3035812164949867,0.775400001
P45_06_CTD_05,474.375,7.751,29.3985,5.801779,0.0312,-22.5,0.0749,34.225,2.469,175.693,35.2051,22.0849,175.587,7.708,29.3965,4,0.0,2026-04-16 17:22:39.375000+00:00,-0.3855791540128907,1.775400001
P45_06_CTD_05,475.375,8.571,29.308,5.791722,0.0422,12.5,0.0746,27.868,2.4745,177.272,35.2024,22.1134,176.283,8.523,29.3059,4,0.0,2026-04-16 17:22:40.375000+00:00,,2.775400001
P45_06_CTD_05,476.375,9.535,29.2019,5.78092,0.0386,-90.0,0.0762,31.241,2.4774,180.722,35.206,22.1518,176.643,9.482,29.1996,4,0.0,2026-04-16 17:22:41.375000+00:00,,3.775400001
P45_06_CTD_05,477.375,10.011,29.1678,5.778725,0.0404,12.5,0.08,31.737,2.4788,179.721,35.2159,22.1708,176.918,9.955,29.1653,4,0.0,2026-04-16 17:22:42.375000+00:00,,4.775400001
P45_06_CTD_05,478.375,10.515,29.1448,5.776751,0.0386,0.0,0.0839,29.54,2.4809,178.95,35.2191,22.181,177.233,10.456,29.1422,4,0.0,2026-04-16 17:22:43.375000+00:00,,5.775400001
P45_06_CTD_05,479.375,11.226,29.1219,5.774985,0.0257,20.0,0.0914,27.966,2.4847,180.301,35.2235,22.192,177.844,11.164,29.1192,4,0.0,2026-04-16 17:22:44.375000+00:00,,6.0298
P45_06_CTD_05,480.375,11.982,29.108,5.774421,0.0514,-65.0,0.0937,26.861,2.4916,180.941,35.2297,22.2014,178.714,11.915,29.1051,4,0.0,2026-04-16 17:22:45.375000+00:00,,5.0298
P45_06_CTD_05,481.375,12.694,29.0926,5.773642,0.0238,-15.0,0.0862,27.3,2.4984,181.17,35.2355,22.211,179.205,12.623,29.0895,4,0.0,2026-04-16 17:22:46.375000+00:00,,4.0298
P45_06_CTD_05,482.375,13.294,29.0729,5.772265,0.18,-50.0,0.0881,26.825,2.5036,181.114,35.2404,22.2213,179.801,13.22,29.0696,4,0.0,2026-04-16 17:22:47.375000+00:00,,3.0298
P45_06_CTD_05,483.375,14.062,29.0244,5.768066,0.0478,-47.5,0.0867,24.113,2.51,181.481,35.247,22.2426,180.629,13.983,29.021,4,0.0,2026-04-16 17:22:48.375000+00:00,,2.0298
P45_06_CTD_05,484.375,14.823,28.9636,5.76236,0.0367,97.5,0.0892,24.592,2.518,182.076,35.2524,22.267,181.549,14.74,28.96,4,0.0,2026-04-16 17:22:49.375000+00:00,-1.2055585291919306,1.0298
P45_06_CTD_05,485.375,15.405,28.9058,5.757201,0.0533,-42.5,0.0916,24.456,2.5246,183.113,35.2593,22.2915,182.537,15.318,28.9021,4,0.0,2026-04-16 17:22:50.375000+00:00,-1.2875564667098345,0.0298
P45_06_CTD_05,486.375,16.087,28.811,5.748425,0.0514,20.0,0.0921,22.632,2.5375,184.177,35.2686,22.3302,184.415,15.997,28.8071,4,0.0,2026-04-16 17:22:51.375000+00:00,-1.2714244674708022,0.9702
P45_06_CTD_05,487.375,16.751,28.6901,5.736707,0.0569,40.0,0.0969,22.345,2.5537,184.88,35.2768,22.3766,186.099,16.657,28.6861,4,0.0,2026-04-16 17:22:52.375000+00:00,-1.2522783828451083,1.9702
P45_06_CTD_05,488.375,17.27,28.5802,5.726366,0.0698,40.0,0.0983,21.562,2.5616,185.888,35.2866,22.4204,186.05,17.173,28.5761,4,0.0,2026-04-16 17:22:53.375000+00:00,,2.9702
P45_06_CTD_05,489.375,18.019,28.3874,5.707025,0.0514,80.0,0.1026,19.552,2.5509,187.25,35.2953,22.4908,185.267,17.919,28.3831,4,0.0,2026-04-16 17:22:54.375000+00:00,,3.9702
P45_06_CTD_05,490.375,18.568,28.2172,5.691949,0.0698,185.0,0.1073,20.886,2.5508,188.489,35.3169,22.5632,186.6,18.464,28.2128,4,0.0,2026-04-16 17:22:55.375000+00:00,,4.9702
P45_06_CTD_05,491.375,18.886,28.0768,5.680117,0.0643,142.5,0.1088,20.465,2.5539,190.372,35.3391,22.626,186.862,18.781,28.0724,4,0.0,2026-04-16 17:22:56.375000+00:00,,5.9702
P45_06_CTD_05,492.375,19.878,27.7229,5.644504,0.0955,67.5,0.1082,12.663,2.5476,193.248,35.3543,22.7531,187.212,19.767,27.7182,4,0.0,2026-04-16 17:22:57.375000+00:00,,5.565
P45_06_CTD_05,493.25,20.753,27.5098,5.626648,0.0808,196.6667,0.1179,14.342,2.5442,194.905,35.3887,22.8481,187.932,20.637,27.505,3,0.0,2026-04-16 17:22:58.250000+00:00,,4.69
P45_06_CTD_05,495.375,21.247,27.4558,5.62321,0.0753,35.0,0.1223,15.651,2.55,192.291,35.405,22.8779,188.497,21.128,27.4508,4,0.0,2026-04-16 17:23:00.375000+00:00,,2.565
P45_06_CTD_05,496.375,22.18,27.0681,5.587637,0.112,157.5,0.1225,11.843,2.5466,194.354,35.446,23.0335,189.524,22.056,27.0631,4,0.0,2026-04-16 17:23:01.375000+00:00,-1.079963621213862,1.565
P45_06_CTD_05,497.375,22.965,26.5209,5.536214,0.1267,67.5,0.125,14.632,2.5481,194.965,35.4955,23.245,191.598,22.837,26.5157,4,0.0,2026-04-16 17:23:02.375000+00:00,-1.0608175365881678,0.565
P45_06_CTD_05,498.375,23.227,26.1271,5.500307,0.1249,180.0,0.1223,14.812,2.548,196.029,35.5391,23.402,192.446,23.096,26.1219,4,0.0,2026-04-16 17:23:03.375000+00:00,-1.0389763570204695,0.435
P45_06_CTD_05,499.375,23.79,25.758,5.466131,0.1286,190.0,0.122,12.351,2.5419,198.187,35.5761,23.545,192.648,23.657,25.7527,4,0.0,2026-04-16 17:23:04.375000+00:00,-1.0136346527499838,1.435
P45_06_CTD_05,500.375,24.619,25.5372,5.445154,0.1359,180.0,0.121,11.795,2.5317,199.728,35.5942,23.6272,191.851,24.481,25.5318,4,0.0,2026-04-16 17:23:05.375000+00:00,,2.435
P45_06_CTD_05,501.375,25.054,25.4699,5.439132,0.1212,172.5,0.1187,12.554,2.5169,199.123,35.6024,23.6542,191.07,24.914,25.4644,4,0.0,2026-04-16 17:23:06.375000+00:00,,3.435
P45_06_CTD_05,502.375,25.469,25.3998,5.432776,0.1322,105.0,0.1196,11.483,2.5137,199.613,35.6103,23.6818,191.6,25.327,25.3942,4,0.0,2026-04-16 17:23:07.375000+00:00,,4.435
P45_06_CTD_05,503.375,26.224,25.1363,5.404613,0.1799,122.5,0.1168,9.2416,2.5104,200.433,35.6087,23.7614,192.003,26.078,25.1305,4,0.0,2026-04-16 17:23:08.375000+00:00,,5.435
P45_06_CTD_05,504.375,27.183,24.8476,5.37587,0.213,232.5,0.1206,8.3888,2.5042,200.518,35.6223,23.8597,192.147,27.031,24.8417,4,0.0,2026-04-16 17:23:09.375000+00:00,,5.797799999
P45_06_CTD_05,505.375,27.714,24.6159,5.354739,0.2369,265.0,0.1218,10.082,2.4975,199.904,35.6476,23.9491,192.542,27.559,24.6099,4,0.0,2026-04-16 17:23:10.375000+00:00,,4.797799999
P45_06_CTD_05,506.375,27.826,24.5229,5.346267,0.2828,245.0,0.1218,9.972,2.4947,198.344,35.6579,23.9849,191.76,27.669,24.5169,4,0.0,2026-04-16 17:23:11.375000+00:00,,3.797799999
P45_06_CTD_05,507.375,28.359,24.384,5.333577,0.1965,215.0,0.1235,8.1118,2.4731,198.77,35.6729,24.038,188.53,28.2,24.378,4,0.0,2026-04-16 17:23:12.375000+00:00,,2.797799999
P45_06_CTD_05,508.375,29.276,24.1339,5.307148,0.2222,227.5,0.1246,6.9469,2.4431,200.015,35.6728,24.1129,186.325,29.112,24.1277,4,0.0,2026-04-16 17:23:13.375000+00:00,-0.7855593143156105,1.797799999
P45_06_CTD_05,509.125,29.735,23.9898,5.294222,0.224,195.0,0.1214,8.4878,2.4242,200.003,35.6902,24.1689,185.365,29.568,23.9834,2,0.0,2026-04-16 17:23:14.125000+00:00,-0.7665530393564842,1.047799999
P45_06_CTD_05,510.375,29.945,23.8342,5.280485,0.2405,240.0,0.125,7.9951,2.399,199.387,35.7106,24.2304,184.031,29.777,23.828,4,0.0,2026-04-16 17:23:15.375000+00:00,-0.7485565801814664,0.202200001
P45_06_CTD_05,511.375,30.779,23.3663,5.231866,0.2809,272.5,0.1244,5.5214,2.3852,200.611,35.7161,24.3721,184.953,30.606,23.3599,4,0.0,2026-04-16 17:23:16.375000+00:00,-0.7908739761911254,1.202200001
P45_06_CTD_05,512.375,31.68,23.0173,5.199386,0.2442,257.5,0.1192,6.3142,2.3791,199.042,35.7488,24.4985,185.813,31.502,23.0108,4,0.0,2026-04-16 17:23:17.375000+00:00,,2.202200001
P45_06_CTD_05,513.375,32.207,22.8185,5.180902,0.2589,252.5,0.1172,6.5772,2.371,195.038,35.7675,24.5701,185.436,32.026,22.812,4,0.0,2026-04-16 17:23:18.375000+00:00,,3.202200001
P45_06_CTD_05,514.375,32.671,22.7049,5.170001,0.2773,257.5,0.1167,6.1715,2.3625,192.937,35.7756,24.6089,184.61,32.487,22.6982,4,0.0,2026-04-16 17:23:19.375000+00:00,,4.202200001
P45_06_CTD_05,515.375,33.138,22.6653,5.166596,0.2552,232.5,0.1348,5.8857,2.3471,191.755,35.7813,24.6246,181.531,32.952,22.6586,4,0.0,2026-04-16 17:23:20.375000+00:00,,5.202200001
P45_06_CTD_05,516.375,33.749,22.6359,5.16374,0.2938,260.0,0.1121,5.1616,2.3104,191.057,35.7829,24.6342,175.166,33.559,22.6291,4,0.0,2026-04-16 17:23:21.375000+00:00,,6.202200001
P45_06_CTD_05,517.375,34.451,22.5997,5.160266,0.3195,280.0,0.111,5.0053,2.2504,191.396,35.7852,24.6464,167.795,34.257,22.5927,4,0.0,2026-04-16 17:23:22.375000+00:00,,5.3222
P45_06_CTD_05,518.375,34.82,22.5547,5.15562,0.325,302.5,0.1098,5.2768,2.1904,191.087,35.7858,24.6598,162.316,34.624,22.5477,4,0.0,2026-04-16 17:23:23.375000+00:00,,4.3222
P45_06_CTD_05,519.375,35.442,22.3404,5.133895,0.393,420.0,0.1091,4.3133,2.1368,190.432,35.7917,24.7253,158.487,35.242,22.3333,4,0.0,2026-04-16 17:23:24.375000+00:00,,3.3222
P45_06_CTD_05,520.375,36.341,22.0226,5.099526,0.7639,952.5,0.1155,3.9932,2.095,189.548,35.7832,24.8087,157.557,36.137,22.0154,4,0.0,2026-04-16 17:23:25.375000+00:00,,2.3222
P45_06_CTD_05,521.375,36.986,21.8098,5.075729,0.8851,945.0,0.1429,4.1472,2.0826,184.86,35.7711,24.8593,160.698,36.778,21.8025,4,0.0,2026-04-16 17:23:26.375000+00:00,-1.2140479362877155,1.3222
P45_06_CTD_05,522.375,37.573,21.6932,5.063998,0.8465,1065.0,0.1505,3.773,2.099,175.977,35.7746,24.8945,163.812,37.361,21.6858,4,0.0,2026-04-16 17:23:27.375000+00:00,-1.2563653322973747,0.3222
P45_06_CTD_05,523.375,38.211,21.5584,5.050135,0.9016,1007.5,0.1503,3.391,2.0998,168.465,35.7762,24.9332,160.355,37.996,21.5509,4,0.0,2026-04-16 17:23:28.375000+00:00,-1.2444419289197672,0.1178
P45_06_CTD_05,524.375,39.023,21.4508,5.040526,0.8942,1040.0,0.2282,2.955,2.0612,163.673,35.7889,24.9728,154.036,38.803,21.4432,4,0.0,2026-04-16 17:23:29.375000+00:00,-1.1814542927817115,0.1726
P45_06_CTD_05,525.25,39.525,21.4109,5.040161,0.9034,973.3333,0.1592,3.1887,2.0258,160.672,35.8191,25.0068,151.357,39.303,21.4032,3,0.0,2026-04-16 17:23:30.250000+00:00,-1.5705591404128587,0.3848
P45_06_CTD_05,526.5,39.692,21.3869,5.039892,0.8961,1036.6667,0.1589,3.1708,1.9938,162.407,35.8369,25.027,149.378,39.468,21.3792,3,0.0,2026-04-16 17:23:31.500000+00:00,-1.5774602974960659,0.1932
P45_06_CTD_05,527.375,40.352,21.1764,5.014048,0.8061,1002.5,0.157,2.4275,1.9735,168.121,35.8057,25.0612,147.926,40.124,21.1687,4,0.0,2026-04-16 17:23:32.375000+00:00,-1.7239135691875835,0.373
P45_06_CTD_05,528.375,41.047,21.0604,5.002132,0.7896,960.0,0.146,2.6646,1.951,169.946,35.807,25.0941,146.084,40.815,21.0525,4,0.0,2026-04-16 17:23:33.375000+00:00,-1.6454525197939662,0.460199999
P45_06_CTD_05,529.375,41.346,21.0423,5.000538,0.8373,877.5,0.1419,2.6182,1.9299,161.777,35.8093,25.1008,143.057,41.113,21.0344,4,0.0,2026-04-16 17:23:34.375000+00:00,-1.4538983304610733,0.518599999
P45_06_CTD_05,530.375,42.025,21.0066,4.995719,0.7327,897.5,0.143,2.11,1.8928,154.91,35.8002,25.1036,137.467,41.788,20.9986,4,0.0,2026-04-16 17:23:35.375000+00:00,-1.1023306301369864,0.481400001
P45_06_CTD_05,531.375,42.763,20.964,4.990463,0.6959,822.5,0.1348,2.1611,1.8488,153.475,35.7934,25.1101,134.003,42.521,20.9558,4,0.0,2026-04-16 17:23:36.375000+00:00,-1.0487500444444444,0.4302
P45_06_CTD_05,532.375,43.151,20.9425,4.987817,0.8079,907.5,0.1305,2.2333,1.8243,152.18,35.7899,25.1133,133.705,42.907,20.9343,4,0.0,2026-04-16 17:23:37.375000+00:00,-1.5431607914253116,0.3502
P45_06_CTD_05,533.375,43.735,20.8599,4.979592,0.6849,657.5,0.1318,1.8349,1.812,150.006,35.7927,25.138,133.778,43.488,20.8516,4,0.0,2026-04-16 17:23:38.375000+00:00,-1.618873824045056,0.2954
P45_06_CTD_05,534.375,44.636,20.6592,4.954655,0.7859,697.5,0.123,1.5597,1.8059,148.494,35.7595,25.1672,134.32,44.383,20.6508,4,0.0,2026-04-16 17:23:39.375000+00:00,-1.7179320458336138,0.2334
P45_06_CTD_05,535.375,45.207,20.6104,4.951628,0.7015,707.5,0.119,1.8254,1.8032,143.844,35.776,25.1929,134.533,44.952,20.6018,4,0.0,2026-04-16 17:23:40.375000+00:00,-2.0070337076268228,0.157000001
P45_06_CTD_05,536.375,45.432,20.6021,4.950974,0.8245,692.5,0.1231,1.7682,1.8034,137.208,35.7775,25.1963,134.689,45.175,20.5935,4,0.0,2026-04-16 17:23:41.375000+00:00,-1.0372988689655172,0.095
P45_06_CTD_05,537.375,46.011,20.5876,4.949657,0.6353,685.0,0.124,1.4518,1.8008,135.653,35.7788,25.2013,133.443,45.751,20.5789,4,0.0,2026-04-16 17:23:42.375000+00:00,-1.2953121314380833,0.051
P45_06_CTD_05,538.375,46.833,20.5655,4.94761,0.6427,565.0,0.1189,1.3054,1.7868,136.716,35.7807,25.2086,130.775,46.569,20.5566,4,0.0,2026-04-16 17:23:43.375000+00:00,-1.0073150700634792,0.0254
P45_06_CTD_05,539.125,47.339,20.5483,4.946233,0.617,710.0,0.1189,1.359,1.7717,137.197,35.7837,25.2157,129.144,47.072,20.5395,2,0.0,2026-04-16 17:23:44.125000+00:00,-0.3975358500377929,0.333799999
P45_06_CTD_05,541.375,47.996,20.4635,4.937413,0.6059,652.5,0.1167,1.0248,1.7225,138.269,35.7834,25.2383,121.265,47.725,20.4544,4,0.0,2026-04-16 17:23:46.375000+00:00,0.10954512513049962,0.2042
P45_06_CTD_05,542.375,48.87,20.3577,4.926402,0.6005,615.0,0.1147,1.112,1.675,138.397,35.7829,25.2662,115.588,48.593,20.3485,4,0.0,2026-04-16 17:23:47.375000+00:00,-0.4539928671201814,0.2626
P45_06_CTD_05,544.375,49.451,20.2192,4.913569,0.505,485.0,0.1159,1.0476,1.6009,132.737,35.7952,25.3126,110.722,49.171,20.21,4,0.0,2026-04-16 17:23:49.375000+00:00,-0.14902310037285607,0.3794
P45_06_CTD_05,545.375,50.174,19.8852,4.87484,0.4352,360.0,0.113,0.95865,1.5794,131.707,35.761,25.3751,110.167,49.89,19.8759,4,0.0,2026-04-16 17:23:50.375000+00:00,0.8178081015873016,0.4378
P45_06_CTD_05,546.375,50.809,19.6471,4.851641,0.3526,295.0,0.1093,0.94227,1.5633,128.535,35.7725,25.4465,109.511,50.522,19.6378,4,0.0,2026-04-16 17:23:51.375000+00:00,1.2432225480366244,0.5214
P45_06_CTD_05,547.375,51.416,19.4927,4.836299,0.3177,280.0,0.1066,0.88884,1.5504,121.096,35.7772,25.4905,108.828,51.125,19.4834,4,0.0,2026-04-16 17:23:52.375000+00:00,1.3921521568871102,0.4786
P45_06_CTD_05,548.375,51.868,19.4139,4.828684,0.3287,282.5,0.108,0.90934,1.5396,115.613,35.7814,25.5142,108.176,51.574,19.4045,4,0.0,2026-04-16 17:23:53.375000+00:00,2.009015933983656,0.4238
P45_06_CTD_05,549.375,52.463,19.3523,4.822228,0.2846,287.5,0.1029,0.79156,1.5318,113.58,35.7803,25.5294,107.297,52.166,19.3428,4,0.0,2026-04-16 17:23:54.375000+00:00,2.831953672277539,0.369
P45_06_CTD_05,550.375,53.077,19.2835,4.81478,0.2699,252.5,0.0998,0.78544,1.5185,113.023,35.7771,25.5448,105.53,52.776,19.2739,4,0.0,2026-04-16 17:23:55.375000+00:00,3.743374893817108,0.2818
P45_06_CTD_05,551.375,53.448,19.2462,4.811004,0.2846,330.0,0.0931,0.8115,1.5053,112.485,35.7776,25.5547,104.816,53.145,19.2366,4,0.0,2026-04-16 17:23:56.375000+00:00,3.6932973036993313,0.2234
P45_06_CTD_05,552.375,53.904,19.2057,4.807152,0.2461,280.0,0.0886,0.74391,1.4996,111.775,35.7801,25.5673,105.013,53.599,19.196,4,0.0,2026-04-16 17:23:57.375000+00:00,3.78,0.1686
P45_06_CTD_05,553.375,54.561,19.0994,4.795061,0.2112,225.0,0.0832,0.64978,1.4963,111.168,35.7703,25.5871,105.301,54.252,19.0896,4,0.0,2026-04-16 17:23:58.375000+00:00,3.852828850793651,0.0886
P45_06_CTD_05,554.375,55.27,19.0301,4.788655,0.1946,185.0,0.078,0.63743,1.4962,110.873,35.7762,25.6094,105.758,54.957,19.0202,4,0.0,2026-04-16 17:23:59.375000+00:00,4.6416685515981735,0.0302
P45_06_CTD_05,555.375,55.661,19.0141,4.787427,0.2314,212.5,0.0761,0.69259,1.4972,109.285,35.7795,25.6161,105.852,55.346,19.0042,4,0.0,2026-04-16 17:24:00.375000+00:00,4.3657933613394215,0.021
P45_06_CTD_05,556.375,55.983,19.0135,4.787332,0.1983,210.0,0.0761,0.63624,1.4965,107.321,35.7791,25.6159,105.431,55.665,19.0035,4,0.0,2026-04-16 17:24:01.375000+00:00,4.0257160700735115,0.104599999
P45_06_CTD_05,557.375,56.612,19.0089,4.786865,0.202,202.5,0.0768,0.55055,1.4932,107.368,35.779,25.6171,104.715,56.291,18.9988,4,0.0,2026-04-16 17:24:02.375000+00:00,4.56527601148904,0.162999999
P45_06_CTD_05,559.5,57.06,19.0089,4.786725,0.213,253.3333,0.0754,0.59846,1.4821,108.282,35.7776,25.616,103.523,56.736,18.9987,3,0.0,2026-04-16 17:24:04.500000+00:00,4.361447368421053,0.1872
P45_06_CTD_05,560.375,57.722,18.9895,4.784826,0.2075,180.0,0.0726,0.46864,1.4783,108.683,35.7782,25.6214,103.583,57.394,18.9792,4,0.0,2026-04-16 17:24:05.375000+00:00,4.850857955555555,0.3706
P45_06_CTD_05,561.375,58.55,18.9402,4.77958,0.1763,202.5,0.0672,0.50108,1.4786,108.637,35.7765,25.6328,103.93,58.218,18.9297,4,0.0,2026-04-16 17:24:06.375000+00:00,5.37758563652968,0.4218
P45_06_CTD_05,562.375,58.972,18.9112,4.776723,0.1873,205.0,0.0681,0.52951,1.4781,107.998,35.7773,25.6409,104.155,58.637,18.9007,4,0.0,2026-04-16 17:24:07.375000+00:00,6.278140090299209,0.4982
P45_06_CTD_05,563.375,59.308,18.9029,4.776172,0.1836,227.5,0.0721,0.49734,1.4793,107.0,35.7797,25.6449,103.915,58.971,18.8924,4,0.0,2026-04-16 17:24:08.375000+00:00,6.746273071038562,0.5018
P45_06_CTD_05,564.375,60.002,18.8487,4.770425,0.1616,190.0,0.0757,0.41473,1.4767,106.411,35.7781,25.6574,103.557,59.661,18.838,4,0.0,2026-04-16 17:24:09.375000+00:00,7.534109735159817,0.4398
P45_06_CTD_05,565.375,60.538,18.793,4.764333,0.1616,190.0,0.0758,0.45983,1.4731,106.192,35.7747,25.6691,103.127,60.193,18.7823,4,0.0,2026-04-16 17:24:10.375000+00:00,9.063576775155916,0.3886
P45_06_CTD_05,566.375,60.729,18.7809,4.76331,0.1726,157.5,0.078,0.45966,1.4693,106.719,35.7766,25.6736,102.723,60.383,18.7701,4,0.0,2026-04-16 17:24:11.375000+00:00,9.311798949055179,0.3122
P45_06_CTD_05,567.375,61.4,18.7674,4.761738,0.1469,222.5,0.0688,0.34959,1.4652,106.911,35.7748,25.6757,102.317,61.051,18.7565,4,0.0,2026-04-16 17:24:12.375000+00:00,9.438989776806142,0.253800001
P45_06_CTD_05,568.375,62.054,18.7398,4.758635,0.1414,200.0,0.0599,0.39009,1.462,107.337,35.7723,25.6808,102.176,61.701,18.7288,4,0.0,2026-04-16 17:24:13.375000+00:00,9.902458163948946,0.2026
P45_06_CTD_05,569.375,62.308,18.7221,4.75672,0.1543,165.0,0.0571,0.41497,1.4592,106.687,35.7713,25.6846,101.941,61.954,18.7112,4,0.0,2026-04-16 17:24:14.375000+00:00,10.56,0.1262
P45_06_CTD_05,570.375,62.985,18.7017,4.754711,0.1414,207.5,0.0582,0.33043,1.4565,106.134,35.7718,25.6902,101.752,62.627,18.6906,4,0.0,2026-04-16 17:24:15.375000+00:00,10.59085327518887,0.067800001
P45_06_CTD_05,571.125,63.483,18.6809,4.752667,0.0992,170.0,0.0606,0.33571,1.4553,105.713,35.7724,25.696,101.781,63.122,18.6697,2,0.0,2026-04-16 17:24:16.125000+00:00,10.932150186684892,0.236999999
P45_06_CTD_05,573.375,64.033,18.6564,4.750633,0.1231,207.5,0.0605,0.3005,1.4543,104.824,35.7762,25.7051,102.079,63.669,18.6451,4,0.0,2026-04-16 17:24:18.375000+00:00,11.259954532580414,0.1218
P45_06_CTD_05,1097.625,64.683,18.5635,4.740765,0.0918,120.0,0.0659,0.19767,1.4465,104.455,35.7732,25.7263,101.173,64.314,18.5521,2,0.0,2026-04-16 17:33:02.625000+00:00,9.085244596709037,0.2766
P45_06_CTD_05,1098.375,65.087,18.55,4.739337,0.0863,82.5,0.0622,0.21734,1.4458,104.543,35.7727,25.7293,101.069,64.716,18.5386,4,0.0,2026-04-16 17:33:03.375000+00:00,9.404366710518518,0.4734
P45_06_CTD_05,1099.375,65.505,18.5279,4.736961,0.079,165.0,0.0595,0.202,1.4442,104.562,35.7716,25.7341,100.84,65.131,18.5164,4,0.0,2026-04-16 17:33:04.375000+00:00,9.912608312480097,0.3934
P45_06_CTD_05,1100.375,65.966,18.4913,4.733207,0.0771,225.0,0.0592,0.19773,1.4423,104.359,35.7715,25.7433,100.823,65.59,18.4797,4,0.0,2026-04-16 17:33:05.375000+00:00,10.05108446392694,0.3314
P45_06_CTD_05,1101.375,66.232,18.4666,4.730726,0.1047,145.0,0.0572,0.21108,1.4418,103.962,35.7717,25.7497,100.85,65.854,18.455,4,0.0,2026-04-16 17:33:06.375000+00:00,10.291855087857648,0.2802
P45_06_CTD_05,1102.375,66.769,18.4461,4.728969,0.0845,137.5,0.0558,0.14501,1.4405,103.715,35.7745,25.757,100.685,66.389,18.4344,4,0.0,2026-04-16 17:33:07.375000+00:00,11.211451283446712,0.1966
P45_06_CTD_05,1103.375,67.53,18.4196,4.726335,0.0992,220.0,0.0557,0.15807,1.439,103.953,35.7749,25.764,100.533,67.145,18.4078,4,0.0,2026-04-16 17:33:08.375000+00:00,11.575104584474886,0.1382
P45_06_CTD_05,1105.375,68.097,18.4057,4.725005,0.09,212.5,0.0571,0.14255,1.4369,103.501,35.7755,25.768,100.603,67.709,18.3938,4,0.0,2026-04-16 17:33:10.375000+00:00,11.54019341249075,0.0034
P45_06_CTD_05,1106.375,68.875,18.3951,4.72386,0.0863,172.5,0.058,0.11833,1.4374,103.585,35.7748,25.7701,100.719,68.481,18.383,4,0.0,2026-04-16 17:33:11.375000+00:00,11.59707622697596,0.0514
P45_06_CTD_05,1107.375,69.561,18.3891,4.723323,0.09,117.5,0.0564,0.12057,1.4372,103.493,35.7751,25.7719,100.632,69.164,18.377,4,0.0,2026-04-16 17:33:12.375000+00:00,11.159334494733773,0.1062
P45_06_CTD_05,1108.375,69.987,18.3872,4.723119,0.0918,197.5,0.0558,0.1208,1.4369,103.266,35.7749,25.7722,100.465,69.587,18.375,4,0.0,2026-04-16 17:33:13.375000+00:00,11.48241664,0.1862
P45_06_CTD_05,1109.375,70.455,18.3871,4.723128,0.0771,90.0,0.0554,0.11813,1.4347,103.039,35.7748,25.7722,100.147,70.052,18.3749,4,0.0,2026-04-16 17:33:14.375000+00:00,11.845462659138434,0.241
P45_06_CTD_05,1110.375,70.913,18.3861,4.722997,0.0716,157.5,0.057,0.11813,1.4338,103.095,35.7745,25.7722,100.235,70.508,18.3737,4,0.0,2026-04-16 17:33:15.375000+00:00,11.965978391927601,0.2958
P45_06_CTD_05,1111.375,71.424,18.3858,4.723026,0.0808,165.0,0.0558,0.11813,1.4333,103.332,35.7748,25.7725,100.19,71.016,18.3733,4,0.0,2026-04-16 17:33:16.375000+00:00,11.549655438222223,0.375799999
P45_06_CTD_05,1112.375,72.126,18.3762,4.722,0.0716,122.5,0.0567,0.11812,1.4329,103.357,35.7742,25.7745,100.288,71.713,18.3636,4,0.0,2026-04-16 17:33:17.375000+00:00,11.597186404232804,0.434199999
P45_06_CTD_05,1114.375,72.603,18.368,4.721263,0.0716,185.0,0.0558,0.11814,1.4334,102.874,35.7749,25.7771,100.307,72.188,18.3553,4,0.0,2026-04-16 17:33:19.375000+00:00,12.050714766222223,0.5146
P45_06_CTD_05,1119.375,72.832,18.3557,4.719881,0.0882,225.0,0.0558,0.11819,1.4331,103.0,35.7738,25.7794,100.443,72.415,18.343,2,0.0,2026-04-16 17:33:24.375000+00:00,11.738116398173517,0.1722
P45_06_CTD_05,1127.625,73.044,18.355,4.719816,0.0588,100.0,0.0577,0.11813,1.4324,103.084,35.7737,25.7795,100.281,72.626,18.3423,2,0.0,2026-04-16 17:33:32.625000+00:00,12.440633306074075,0.0954
P45_06_CTD_05,1128.375,73.55,18.3456,4.71897,0.0772,150.0,0.0571,0.11819,1.4322,102.98,35.7746,25.7825,100.263,73.13,18.3328,4,0.0,2026-04-16 17:33:33.375000+00:00,12.195901350046537,0.4038
P45_06_CTD_05,1129.375,73.9,18.3379,4.71824,0.0808,115.0,0.0573,0.11813,1.4321,102.885,35.7749,25.7847,100.278,73.477,18.325,4,0.0,2026-04-16 17:33:34.375000+00:00,12.347909094163555,0.454999999
P45_06_CTD_05,1130.25,73.582,18.3374,4.718201,0.0735,173.3333,0.0554,0.1181,1.4324,102.574,35.7751,25.785,100.328,73.161,18.3246,3,0.0,2026-04-16 17:33:35.250000+00:00,12.532777784230452,0.420000001
P45_06_CTD_05,1134.375,73.259,18.3435,4.718759,0.0735,197.5,0.0562,0.11814,1.434,102.84,35.7747,25.7831,100.442,72.84,18.3307,4,0.0,2026-04-16 17:33:39.375000+00:00,12.817278887377173,0.2718
P45_06_CTD_05,1135.375,72.788,18.3516,4.719514,0.0936,162.5,0.0567,0.11815,1.434,102.851,35.7742,25.7807,100.442,72.372,18.3389,4,0.0,2026-04-16 17:33:40.375000+00:00,12.440555541436513,0.2134
P45_06_CTD_05,1136.375,72.094,18.3684,4.721147,0.0863,225.0,0.0564,0.1182,1.4341,102.851,35.7738,25.7761,100.503,71.682,18.3558,4,0.0,2026-04-16 17:33:41.375000+00:00,12.20344405563016,0.1658
P45_06_CTD_05,1137.375,70.89,18.3812,4.72236,0.1028,177.5,0.0579,0.11809,1.4353,102.862,35.7734,25.7726,100.708,70.485,18.3688,4,0.0,2026-04-16 17:33:42.375000+00:00,12.624806611732314,0.0822
P45_06_CTD_05,1138.375,70.084,18.3844,4.722499,0.1065,220.0,0.057,0.11839,1.4367,103.074,35.7721,25.7708,100.88,69.684,18.3721,4,0.0,2026-04-16 17:33:43.375000+00:00,12.803127875799088,0.0274
P45_06_CTD_05,1139.375,69.513,18.3867,4.722747,0.0753,180.0,0.0568,0.11895,1.4383,103.011,35.7724,25.7704,101.112,69.117,18.3746,4,0.0,2026-04-16 17:33:44.375000+00:00,12.917283126940639,0.023799999
P45_06_CTD_05,1140.375,68.76,18.3868,4.722684,0.1065,205.0,0.0565,0.12373,1.4407,102.886,35.772,25.77,101.418,68.368,18.3748,4,0.0,2026-04-16 17:33:45.375000+00:00,12.187849856,0.1038
P45_06_CTD_05,1141.375,68.032,18.3911,4.723073,0.101,210.0,0.0578,0.11956,1.4428,102.912,35.7718,25.7688,101.611,67.644,18.3792,4,0.0,2026-04-16 17:33:46.375000+00:00,11.966052501284958,0.162199999
P45_06_CTD_05,1142.375,67.256,18.4031,4.724311,0.1047,192.5,0.0581,0.1337,1.445,103.102,35.7722,25.766,101.908,66.873,18.3913,4,0.0,2026-04-16 17:33:47.375000+00:00,12.199453825957038,0.2278
P45_06_CTD_05,1143.375,66.581,18.4259,4.726546,0.101,180.0,0.0578,0.13079,1.4482,103.334,35.7716,25.7599,102.117,66.201,18.4142,4,0.0,2026-04-16 17:33:48.375000+00:00,12.829565237555139,0.3042
P45_06_CTD_05,1144.375,65.835,18.4576,4.729584,0.0845,122.5,0.0566,0.16094,1.4494,103.491,35.7701,25.7507,101.945,65.459,18.4461,4,0.0,2026-04-16 17:33:49.375000+00:00,13.043470344744744,0.3698
P45_06_CTD_05,1145.375,65.171,18.4962,4.733543,0.101,172.5,0.0579,0.1483,1.4497,103.737,35.7703,25.7411,101.953,64.799,18.4848,4,0.0,2026-04-16 17:33:50.375000+00:00,12.661013660910413,0.417399999
P45_06_CTD_05,1146.375,64.468,18.5317,4.737071,0.0992,240.0,0.0624,0.19468,1.4516,103.957,35.7696,25.7316,102.2,64.1,18.5204,4,0.0,2026-04-16 17:33:51.375000+00:00,12.67432786488889,0.4974
P45_06_CTD_05,1147.375,63.616,18.5546,4.739461,0.101,197.5,0.0614,0.18402,1.4531,104.109,35.7703,25.7263,102.235,63.254,18.5434,4,0.0,2026-04-16 17:33:52.375000+00:00,12.814523797545265,0.5026
P45_06_CTD_05,1148.375,63.136,18.5636,4.740297,0.1249,200.0,0.0609,0.18679,1.4547,104.51,35.7697,25.7235,102.616,62.776,18.5525,4,0.0,2026-04-16 17:33:53.375000+00:00,12.902327220139256,0.4442
P45_06_CTD_05,1149.375,62.595,18.5786,4.741648,0.1084,227.5,0.0622,0.21858,1.4584,104.538,35.7683,25.7187,103.215,62.239,18.5676,4,0.0,2026-04-16 17:33:54.375000+00:00,12.85989439762963,0.396600001
P45_06_CTD_05,1150.375,61.544,18.6264,4.747164,0.1267,225.0,0.064,0.23516,1.4635,104.249,35.7739,25.7108,103.766,61.194,18.6155,4,0.0,2026-04-16 17:33:55.375000+00:00,12.501071304534388,0.3166
P45_06_CTD_05,1151.375,60.918,18.665,4.75057,0.1432,232.5,0.0646,0.22001,1.4682,104.421,35.7694,25.6976,104.146,60.572,18.6543,4,0.0,2026-04-16 17:33:56.375000+00:00,12.745032465525158,0.2618
P45_06_CTD_05,1152.375,60.516,18.6911,4.752967,0.1432,220.0,0.0628,0.25151,1.4725,104.634,35.7672,25.6892,104.266,60.172,18.6804,4,0.0,2026-04-16 17:33:57.375000+00:00,12.450333321481482,0.2142
P45_06_CTD_05,1153.375,59.797,18.7171,4.755478,0.1616,217.5,0.0595,0.26748,1.4739,104.698,35.7661,25.6818,104.379,59.457,18.7065,4,0.0,2026-04-16 17:33:58.375000+00:00,12.298875665608465,0.1342
P45_06_CTD_05,1154.375,58.973,18.762,4.760442,0.1708,182.5,0.0608,0.24785,1.4786,105.247,35.7694,25.6728,105.135,58.638,18.7516,4,0.0,2026-04-16 17:33:59.375000+00:00,12.354952431050227,0.0758
P45_06_CTD_05,1155.375,57.88,18.815,4.76578,0.1891,170.0,0.0679,0.29096,1.484,105.938,35.7689,25.6589,105.592,57.552,18.8047,4,0.0,2026-04-16 17:34:00.375000+00:00,12.32085291940805,0.024600001
P45_06_CTD_05,1156.375,57.004,18.8658,4.77117,0.2002,207.5,0.0761,0.3215,1.4885,106.432,35.7706,25.6473,105.805,56.681,18.8557,4,0.0,2026-04-16 17:34:01.375000+00:00,13.575033372273996,0.0518
P45_06_CTD_05,1157.375,56.505,18.9082,4.775144,0.1873,245.0,0.0771,0.32153,1.4922,106.771,35.7675,25.634,105.918,56.184,18.8982,4,0.0,2026-04-16 17:34:02.375000+00:00,12.836440635352544,0.113799999
P45_06_CTD_05,1158.375,55.893,18.9853,4.783958,0.2057,220.0,0.0719,0.35219,1.494,106.493,35.7752,25.6202,105.909,55.575,18.9753,4,0.0,2026-04-16 17:34:03.375000+00:00,12.738644083245084,0.886200001
P45_06_CTD_05,1159.375,55.221,19.0209,4.786787,0.213,257.5,0.0691,0.36855,1.4977,106.909,35.7685,25.6059,106.66,54.908,19.011,4,0.0,2026-04-16 17:34:04.375000+00:00,12.737114048651321,1.886200001
P45_06_CTD_05,1160.375,54.787,19.0391,4.788493,0.2259,252.5,0.0669,0.36841,1.5044,107.811,35.7673,25.6003,107.738,54.476,19.0293,4,0.0,2026-04-16 17:34:05.375000+00:00,,2.886200001
P45_06_CTD_05,1161.375,54.218,19.0514,4.789611,0.235,245.0,0.0677,0.41831,1.5138,108.269,35.7662,25.5963,109.165,53.91,19.0417,4,0.0,2026-04-16 17:34:06.375000+00:00,,3.886200001
P45_06_CTD_05,1162.375,53.716,19.065,4.790695,0.2534,280.0,0.0661,0.42014,1.5262,108.479,35.7638,25.5909,110.799,53.411,19.0554,4,0.0,2026-04-16 17:34:07.375000+00:00,,4.886200001
P45_06_CTD_05,1163.375,53.182,19.1252,4.797361,0.2718,290.0,0.0702,0.42021,1.5392,108.397,35.7679,25.5786,111.716,52.88,19.1156,4,0.0,2026-04-16 17:34:08.375000+00:00,,5.886200001
P45_06_CTD_05,1164.375,52.639,19.2041,4.805787,0.27,247.5,0.0797,0.45618,1.5482,108.584,35.7705,25.5602,112.262,52.34,19.1947,4,0.0,2026-04-16 17:34:09.375000+00:00,,6.1854
P45_06_CTD_05,1165.375,51.871,19.276,4.812988,0.3066,267.5,0.084,0.48078,1.5578,109.606,35.7692,25.5406,113.412,51.578,19.2666,4,0.0,2026-04-16 17:34:10.375000+00:00,,5.1854
P45_06_CTD_05,1166.375,50.789,19.3592,4.822285,0.3415,360.0,0.0881,0.51697,1.57,110.854,35.7756,25.5239,114.959,50.502,19.35,4,0.0,2026-04-16 17:34:11.375000+00:00,,4.1854
P45_06_CTD_05,1167.375,50.297,19.412,4.827162,0.3471,302.5,0.0914,0.51252,1.5863,112.504,35.7709,25.5066,117.757,50.012,19.4029,4,0.0,2026-04-16 17:34:12.375000+00:00,,3.1854
P45_06_CTD_05,1168.375,50.074,19.4641,4.832638,0.3691,332.5,0.0924,0.549,1.6152,114.166,35.7719,25.4938,123.052,49.791,19.455,4,0.0,2026-04-16 17:34:13.375000+00:00,,2.1854
P45_06_CTD_05,1169.375,49.286,19.5281,4.83935,0.3691,402.5,0.0939,0.56581,1.6612,114.655,35.7731,25.478,128.817,49.007,19.5191,4,0.0,2026-04-16 17:34:14.375000+00:00,12.721813702713682,1.1854
P45_06_CTD_05,1170.375,48.555,19.6221,4.849348,0.415,387.5,0.099,0.60289,1.7036,115.278,35.7758,25.4555,131.841,48.28,19.6132,4,0.0,2026-04-16 17:34:15.375000+00:00,12.720283668119917,0.1854
P45_06_CTD_05,1171.375,48.246,19.7625,4.863206,0.4462,470.0,0.1071,0.63214,1.734,116.635,35.7704,25.4145,133.196,47.972,19.7536,4,0.0,2026-04-16 17:34:16.375000+00:00,13.022641683446711,0.0118
P45_06_CTD_05,1172.375,47.53,20.0656,4.896963,0.5142,505.0,0.1112,0.69763,1.755,118.25,35.7903,25.3497,133.319,47.261,20.0568,4,0.0,2026-04-16 17:34:17.375000+00:00,12.399058917006801,0.0466
P45_06_CTD_05,1173.25,46.867,20.2655,4.916735,0.568,566.6667,0.1163,0.73993,1.7666,121.11,35.7828,25.2907,133.307,46.602,20.2567,3,0.0,2026-04-16 17:34:18.250000+00:00,12.362146378720833,0.226399999
P45_06_CTD_05,1174.625,46.706,20.3782,4.926049,0.617,600.0,0.1179,0.7516,1.7801,130.529,35.7634,25.2459,134.197,46.441,20.3694,2,0.0,2026-04-16 17:34:19.625000+00:00,12.721575981859411,0.065
P45_06_CTD_05,1175.375,46.282,20.4185,4.931324,0.617,697.5,0.1158,0.78727,1.787,134.226,35.7725,25.2419,134.771,46.02,20.4098,4,0.0,2026-04-16 17:34:20.375000+00:00,12.508990911564625,0.2434
P45_06_CTD_05,1176.375,45.648,20.4598,4.935519,0.6666,697.5,0.1174,0.82376,1.7958,136.164,35.772,25.2304,135.338,45.39,20.4512,4,0.0,2026-04-16 17:34:21.375000+00:00,12.555159827092846,0.2946
P45_06_CTD_05,1177.375,45.361,20.4889,4.938113,0.6776,717.5,0.1189,0.85244,1.8024,136.851,35.7686,25.2201,136.403,45.105,20.4803,4,0.0,2026-04-16 17:34:22.375000+00:00,12.821332588989875,0.3782
P45_06_CTD_05,1178.375,44.848,20.5358,4.943081,0.6537,755.0,0.1192,0.89723,1.8175,136.86,35.7696,25.2081,139.065,44.594,20.5273,4,0.0,2026-04-16 17:34:23.375000+00:00,12.37792089406203,0.4402
P45_06_CTD_05,1179.375,44.079,20.5844,4.94773,0.6996,867.5,0.1212,0.93346,1.8417,136.971,35.7666,25.1928,142.253,43.83,20.5761,4,0.0,2026-04-16 17:34:24.375000+00:00,12.079478137760196,0.509399999
P45_06_CTD_05,1180.375,43.588,20.6232,4.951383,0.729,800.0,0.12,0.97726,1.8676,137.695,35.7637,25.18,144.95,43.342,20.615,4,0.0,2026-04-16 17:34:25.375000+00:00,11.997954917923376,0.490600001
P45_06_CTD_05,1181.375,43.278,20.6789,4.956887,0.7326,762.5,0.1198,1.0346,1.8942,138.452,35.7616,25.1633,147.732,43.034,20.6707,4,0.0,2026-04-16 17:34:26.375000+00:00,11.820763421315192,0.407000001
P45_06_CTD_05,1182.375,42.661,20.7933,4.969965,0.729,845.0,0.1197,1.105,1.922,138.648,35.7713,25.1397,150.215,42.421,20.7852,4,0.0,2026-04-16 17:34:27.375000+00:00,11.671027360730593,0.348600001
P45_06_CTD_05,1183.375,42.098,20.8679,4.977887,0.7602,902.5,0.121,1.1679,1.9473,140.441,35.7729,25.1206,152.326,41.86,20.8599,4,0.0,2026-04-16 17:34:28.375000+00:00,11.302934665434075,0.2974
P45_06_CTD_05,1184.375,41.701,20.916,4.982998,0.7878,865.0,0.1243,1.2199,1.971,144.104,35.7738,25.1082,154.762,41.466,20.908,4,0.0,2026-04-16 17:34:29.375000+00:00,11.412296165921417,0.2138
P45_06_CTD_05,1185.375,40.942,20.9779,4.990805,0.7822,872.5,0.1289,1.3073,1.9989,147.472,35.7851,25.0999,158.903,40.711,20.9701,4,0.0,2026-04-16 17:34:30.375000+00:00,11.539192284467779,0.159
P45_06_CTD_05,1186.375,40.429,21.0221,4.996144,0.8263,967.5,0.1331,1.326,2.0441,150.233,35.7912,25.0924,164.886,40.2,21.0143,4,0.0,2026-04-16 17:34:31.375000+00:00,11.706935087407407,0.1042
P45_06_CTD_05,1187.375,40.281,21.0458,4.998857,0.852,922.5,0.1352,1.4133,2.0899,153.269,35.7931,25.0874,167.319,40.054,21.0381,4,0.0,2026-04-16 17:34:32.375000+00:00,11.219603250793652,0.0242
P45_06_CTD_05,1188.375,39.73,21.0802,5.002827,0.8814,1045.0,0.1376,1.5402,2.1025,155.788,35.7964,25.0805,164.463,39.506,21.0726,4,0.0,2026-04-16 17:34:33.375000+00:00,11.616428647619049,0.034199999
P45_06_CTD_05,1189.375,39.158,21.1842,5.016713,0.9053,985.0,0.142,1.6186,2.0899,157.751,35.821,25.0707,160.795,38.938,21.1767,4,0.0,2026-04-16 17:34:34.375000+00:00,11.133869885206725,0.0854
P45_06_CTD_05,1190.375,38.704,21.3258,5.032332,0.909,1050.0,0.1443,1.746,2.0707,160.394,35.8279,25.037,157.97,38.486,21.3183,4,0.0,2026-04-16 17:34:35.375000+00:00,11.445677752888889,0.1654
P45_06_CTD_05,1191.375,38.313,21.4124,5.039296,0.9163,1080.0,0.1498,1.792,2.0507,166.276,35.8114,25.0005,156.151,38.097,21.405,4,0.0,2026-04-16 17:34:36.375000+00:00,10.784535027551934,0.2238
P45_06_CTD_05,1192.375,37.945,21.4324,5.038261,0.9475,1085.0,0.1531,1.8955,2.0403,172.448,35.7865,24.9759,158.199,37.731,21.4251,4,0.0,2026-04-16 17:34:37.375000+00:00,10.996116919330289,0.274999999
P45_06_CTD_05,1193.375,37.504,21.4425,5.037885,1.0044,1052.5,0.1584,1.9752,2.072,171.498,35.7753,24.9646,167.641,37.293,21.4352,4,0.0,2026-04-16 17:34:38.375000+00:00,10.468703525925926,0.355
P45_06_CTD_05,1194.375,37.224,21.4591,5.038359,0.9787,1112.5,0.1621,2.028,2.1504,166.067,35.7653,24.9524,177.87,37.014,21.4519,4,0.0,2026-04-16 17:34:39.375000+00:00,10.335011395918368,0.413399999
P45_06_CTD_05,1195.375,37.067,21.4746,5.039118,0.9658,1065.0,0.1666,2.0529,2.218,161.97,35.7585,24.943,182.538,36.858,21.4674,4,0.0,2026-04-16 17:34:40.375000+00:00,10.28701102051482,0.4646
P45_06_CTD_05,1196.375,36.62,21.539,5.044567,0.9788,1100.0,0.1686,2.1961,2.264,159.356,35.7485,24.9174,184.709,36.414,21.5318,4,0.0,2026-04-16 17:34:41.375000+00:00,9.831664808819301,0.5354
P45_06_CTD_05,1197.375,35.79,21.8628,5.084404,0.9144,1017.5,0.162,2.3466,2.2955,158.012,35.7963,24.8635,185.403,35.588,21.8557,4,0.0,2026-04-16 17:34:42.375000+00:00,9.250677898688108,0.459
P45_06_CTD_05,1198.375,35.385,22.0735,5.104638,0.7896,827.5,0.1435,2.3694,2.32,163.659,35.7818,24.7933,186.477,35.185,22.0665,4,0.0,2026-04-16 17:34:43.375000+00:00,8.947896157263546,0.397000001
P45_06_CTD_05,1199.375,34.924,22.2162,5.120375,0.4848,447.5,0.1238,2.5885,2.3388,177.441,35.7881,24.7577,187.014,34.727,22.2093,4,0.0,2026-04-16 17:34:44.375000+00:00,8.681107320618066,0.3494
P45_06_CTD_05,1200.375,34.246,22.3563,5.133781,0.4058,380.0,0.1135,2.6858,2.3498,186.102,35.7781,24.7104,186.98,34.053,22.3495,4,0.0,2026-04-16 17:34:45.375000+00:00,7.595719765207615,0.2658
P45_06_CTD_05,1201.375,34.032,22.4781,5.145707,0.3746,337.5,0.1129,2.6696,2.3583,188.196,35.7715,24.6708,187.088,33.841,22.4713,4,0.0,2026-04-16 17:34:46.375000+00:00,6.416040474201203,0.2074
P45_06_CTD_05,1202.375,33.724,22.5703,5.154799,0.3305,317.5,0.1117,2.9395,2.3626,188.827,35.7669,24.641,186.888,33.534,22.5635,4,0.0,2026-04-16 17:34:47.375000+00:00,6.20255099368871,0.1598
P45_06_CTD_05,1203.375,33.275,22.6048,5.157536,0.3305,267.5,0.1114,2.9742,2.3662,189.894,35.7602,24.626,187.267,33.088,22.5981,4,0.0,2026-04-16 17:34:48.375000+00:00,5.0103162539731825,0.0834
P45_06_CTD_05,1204.375,33.019,22.6186,5.158633,0.2956,257.5,0.1112,2.9928,2.3727,191.078,35.7575,24.6199,188.29,32.833,22.6119,4,0.0,2026-04-16 17:34:49.375000+00:00,4.3116120577460855,0.0214
P45_06_CTD_05,1205.375,32.591,22.6294,5.159754,0.3287,310.0,0.1143,3.1744,2.3829,191.288,35.7576,24.6168,189.596,32.407,22.6228,4,0.0,2026-04-16 17:34:50.375000+00:00,4.3869416336803475,0.040599999
P45_06_CTD_05,1206.375,31.97,22.6397,5.160825,0.3103,317.5,0.1105,3.2932,2.3953,191.467,35.7576,24.6139,191.02,31.79,22.6333,4,0.0,2026-04-16 17:34:51.375000+00:00,4.283400003934814,0.1206
P45_06_CTD_05,1207.375,31.676,22.6529,5.161978,0.2993,317.5,0.1074,3.3241,2.4087,191.511,35.756,24.6089,192.653,31.499,22.6465,4,0.0,2026-04-16 17:34:52.375000+00:00,4.137059690294105,0.179
P45_06_CTD_05,1208.375,31.131,22.7168,5.168507,0.2846,287.5,0.1112,3.6433,2.4275,191.419,35.7547,24.5896,195.063,30.957,22.7105,4,0.0,2026-04-16 17:34:53.375000+00:00,4.56454376973883,0.226599999
P45_06_CTD_05,1209.375,30.336,22.8329,5.180198,0.2773,272.5,0.1306,3.867,2.4529,191.831,35.751,24.5533,197.506,30.165,22.8267,4,0.0,2026-04-16 17:34:54.375000+00:00,4.165490542936836,0.303
P45_06_CTD_05,1210.375,30.022,22.9597,5.192214,0.2993,280.0,0.1513,3.8571,2.4767,192.899,35.7408,24.509,198.822,29.854,22.9536,4,0.0,2026-04-16 17:34:55.375000+00:00,3.4283898152484897,0.365
P45_06_CTD_05,1211.375,29.609,23.174,5.213613,0.3287,267.5,0.1261,4.1623,2.4913,193.872,35.7319,24.4401,198.497,29.442,23.1679,4,0.0,2026-04-16 17:34:56.375000+00:00,2.9196639425324404,0.412599999
P45_06_CTD_05,1212.375,28.892,23.4844,5.244346,0.2957,295.0,0.1256,4.3679,2.4998,194.475,35.7169,24.3381,197.996,28.73,23.4784,4,0.0,2026-04-16 17:34:57.375000+00:00,2.6717725548245195,0.489
P45_06_CTD_05,1213.375,28.605,23.8007,5.274315,0.2736,265.0,0.1247,4.3861,2.5086,195.529,35.691,24.2254,197.693,28.444,23.7947,4,0.0,2026-04-16 17:34:58.375000+00:00,2.1265078784580496,0.511
P45_06_CTD_05,1214.375,28.298,24.0254,5.296181,0.2222,295.0,0.1235,4.7455,2.5153,197.89,35.6769,24.1482,197.161,28.139,24.0194,4,0.0,2026-04-16 17:34:59.375000+00:00,1.9540264313434355,0.4526
P45_06_CTD_05,1215.375,27.72,24.1594,5.308274,0.2405,260.0,0.1207,4.9324,2.5166,200.006,35.6615,24.0965,196.642,27.564,24.1535,4,0.0,2026-04-16 17:35:00.375000+00:00,1.8983944777828938,0.405000001
P45_06_CTD_05,1216.375,27.235,24.2832,5.319885,0.2185,252.5,0.1218,5.1055,2.5219,200.45,35.6504,24.0512,197.48,27.082,24.2774,4,0.0,2026-04-16 17:35:01.375000+00:00,1.1154708109413711,0.3286
P45_06_CTD_05,1217.375,26.696,24.5214,5.344304,0.2332,252.5,0.1285,5.4086,2.534,199.638,35.6448,23.9754,197.925,26.547,24.5156,4,0.0,2026-04-16 17:35:02.375000+00:00,0.6817449960131343,0.2666
P45_06_CTD_05,1218.375,26.041,24.7306,5.36396,0.2185,245.0,0.1271,5.7103,2.5425,199.429,35.6263,23.8982,197.57,25.895,24.7249,4,0.0,2026-04-16 17:35:03.375000+00:00,-0.6287583713646532,0.219000001
P45_06_CTD_05,1219.375,25.528,24.8276,5.371907,0.2093,310.0,0.1255,6.0173,2.5469,199.548,35.609,23.8557,197.405,25.385,24.8221,4,0.0,2026-04-16 17:35:04.375000+00:00,-0.4328212583522298,0.1462
P45_06_CTD_05,1220.375,25.12,24.9532,5.383763,0.1983,267.5,0.1214,6.2028,2.5497,198.926,35.5984,23.8095,197.399,24.979,24.9477,4,0.0,2026-04-16 17:35:05.375000+00:00,-0.672437194520548,0.0878
P45_06_CTD_05,1221.375,24.613,25.1431,5.403869,0.1745,262.5,0.1152,6.5916,2.5562,198.635,35.5984,23.7515,197.206,24.476,25.1377,4,0.0,2026-04-16 17:35:06.375000+00:00,-0.36624719701715136,0.0366
P45_06_CTD_05,1222.375,24.185,25.3096,5.420762,0.1818,202.5,0.1158,6.7535,2.5574,199.902,35.5927,23.6961,196.748,24.049,25.3043,4,0.0,2026-04-16 17:35:07.375000+00:00,-0.26371177568978377,0.036199999
P45_06_CTD_05,1223.375,23.976,25.4093,5.429642,0.123,200.0,0.1148,6.771,2.5643,200.398,35.5802,23.656,197.854,23.842,25.404,4,0.0,2026-04-16 17:35:08.375000+00:00,-0.014132636734693838,0.0946
P45_06_CTD_05,1224.375,23.608,25.48,5.436411,0.1543,252.5,0.1146,7.1036,2.5789,200.123,35.5749,23.6302,198.935,23.475,25.4749,4,0.0,2026-04-16 17:35:09.375000+00:00,0.08495033642384107,0.1818
P45_06_CTD_05,1225.375,22.788,25.5547,5.444211,0.112,207.5,0.1154,7.5208,2.5865,199.84,35.5742,23.6065,198.878,22.661,25.5497,4,0.0,2026-04-16 17:35:10.375000+00:00,-0.10099396885865458,0.2402
P45_06_CTD_05,1226.375,22.198,25.6142,5.449636,0.1469,227.5,0.1194,7.8634,2.5882,200.408,35.5677,23.5832,197.737,22.074,25.6093,4,0.0,2026-04-16 17:35:11.375000+00:00,-0.43997167891156463,0.2986
P45_06_CTD_05,1227.375,21.765,25.8115,5.468855,0.1414,192.5,0.122,8.3774,2.5763,199.962,35.555,23.5124,195.448,21.643,25.8066,4,0.0,2026-04-16 17:35:12.375000+00:00,-1.1972869572284335,0.3822
P45_06_CTD_05,1228.375,21.395,26.2783,5.517212,0.1304,177.5,0.1218,8.4782,2.5679,199.255,35.5455,23.3592,193.362,21.276,26.2735,4,0.0,2026-04-16 17:35:13.375000+00:00,-1.6492309214256275,0.4406
P45_06_CTD_05,1229.375,20.967,26.6673,5.548933,0.1102,235.0,0.1214,8.8037,2.5602,199.994,35.4753,23.1833,191.887,20.849,26.6626,4,0.0,2026-04-16 17:35:14.375000+00:00,-2.0635469069803554,0.499
P45_06_CTD_05,1230.375,20.06,27.1055,5.590833,0.112,212.5,0.1195,9.3436,2.5629,199.123,35.441,23.0177,191.573,19.948,27.1009,4,0.0,2026-04-16 17:35:15.375000+00:00,-2.2057376611161925,0.501
P45_06_CTD_05,1231.375,19.491,27.3371,5.610095,0.1047,115.0,0.1217,9.4458,2.5737,197.765,35.4024,22.9141,192.136,19.382,27.3325,4,0.0,2026-04-16 17:35:16.375000+00:00,-2.0176152695389264,0.403000001
P45_06_CTD_05,1232.375,19.197,27.5009,5.623947,0.0735,162.5,0.1186,9.8878,2.5825,195.046,35.3767,22.8419,192.271,19.09,27.4964,4,0.0,2026-04-16 17:35:17.375000+00:00,-1.8372487083502413,0.344600001
P45_06_CTD_05,1233.375,18.644,27.6367,5.637069,0.0936,145.0,0.1196,10.307,2.5914,193.262,35.3671,22.7906,192.329,18.54,27.6324,4,0.0,2026-04-16 17:35:18.375000+00:00,-1.5822167608888889,0.289800001
P45_06_CTD_05,1234.375,18.24,27.6948,5.641038,0.0661,165.0,0.1214,10.48,2.5903,192.536,35.3515,22.7599,191.033,18.138,27.6906,4,0.0,2026-04-16 17:35:19.375000+00:00,-1.8986394077365,0.2098
P45_06_CTD_05,1235.375,17.826,27.7806,5.648788,0.0753,150.0,0.1219,11.197,2.5792,192.978,35.3417,22.7247,189.468,17.727,27.7764,4,0.0,2026-04-16 17:35:20.375000+00:00,-1.6128706855209023,0.1514
P45_06_CTD_05,1236.375,17.56,27.8718,5.65684,0.0863,165.0,0.1198,10.968,2.5696,194.54,35.3299,22.6859,188.0,17.462,27.8677,4,0.0,2026-04-16 17:35:21.375000+00:00,-1.629105554962963,0.0966
P45_06_CTD_05,1237.375,17.078,28.0468,5.673808,0.0588,122.5,0.1154,11.668,2.5524,195.229,35.3179,22.6197,185.975,16.983,28.0428,4,0.0,2026-04-16 17:35:22.375000+00:00,-1.6157796452544309,0.0166
P45_06_CTD_05,1238.375,16.118,28.2997,5.699104,0.0661,130.0,0.1127,12.267,2.5456,195.083,35.306,22.5276,185.185,16.028,28.2959,4,0.0,2026-04-16 17:35:23.375000+00:00,-1.3615423877613695,0.0454
P45_06_CTD_05,1239.375,15.48,28.4661,5.713847,0.0588,115.0,0.1137,12.669,2.5431,193.921,35.285,22.4569,184.637,15.394,28.4624,4,0.0,2026-04-16 17:35:24.375000+00:00,-2.1582134161339424,0.0966
P45_06_CTD_05,1240.25,15.179,28.6075,5.727176,0.0539,173.3333,0.1027,13.116,2.5409,191.72,35.2725,22.4007,183.836,15.094,28.6039,3,0.0,2026-04-16 17:35:25.250000+00:00,-2.283244430222222,0.3016
P45_06_CTD_05,1242.375,14.855,28.7851,5.744239,0.0478,52.5,0.1042,13.739,2.526,187.725,35.2592,22.3316,181.913,14.772,28.7815,4,0.0,2026-04-16 17:35:27.375000+00:00,-1.3176962259905982,0.289799999
P45_06_CTD_05,1243.375,14.148,28.8304,5.748681,0.0404,142.5,0.0984,14.139,2.5238,187.049,35.2566,22.3145,181.626,14.069,28.827,4,0.0,2026-04-16 17:35:28.375000+00:00,-1.4051542481045556,0.3662
P45_06_CTD_05,1244.375,13.57,28.8836,5.753443,0.0478,162.5,0.0941,14.603,2.5189,187.289,35.2503,22.292,180.988,13.494,28.8803,4,0.0,2026-04-16 17:35:29.375000+00:00,-1.474032013977309,0.4282
P45_06_CTD_05,1245.375,13.143,28.9462,5.759472,0.0404,85.0,0.0906,14.987,2.5164,187.013,35.2458,22.2677,180.699,13.07,28.943,4,0.0,2026-04-16 17:35:30.375000+00:00,-1.2071034188505747,0.4722
P45_06_CTD_05,1246.375,12.644,29.0013,5.764769,0.0441,5.0,0.0907,15.467,2.5141,185.975,35.2418,22.2463,180.269,12.573,28.9982,4,0.0,2026-04-16 17:35:31.375000+00:00,-1.51466196175839,0.5278
P45_06_CTD_05,1247.375,12.137,29.0282,5.76668,0.0643,167.5,0.0897,16.085,2.5115,184.922,35.2353,22.2323,180.072,12.07,29.0252,4,0.0,2026-04-16 17:35:32.375000+00:00,-2.0514701420480383,0.451400001
P45_06_CTD_05,1248.375,11.669,29.0435,5.76764,0.0367,52.5,0.0887,16.296,2.5118,184.911,35.2308,22.2237,180.121,11.604,29.0406,4,0.0,2026-04-16 17:35:33.375000+00:00,-2.1077586262703147,0.393
P45_06_CTD_05,1249.375,11.36,29.06,5.769009,0.0294,52.5,0.0874,16.552,2.5107,184.466,35.228,22.2162,179.877,11.296,29.0572,4,0.0,2026-04-16 17:35:34.375000+00:00,-1.9597463767943024,0.349
P45_06_CTD_05,1250.375,11.003,29.0693,5.769551,0.0349,-15.0,0.0904,17.43,2.5096,184.182,35.2251,22.2108,179.726,10.942,29.0666,4,0.0,2026-04-16 17:35:35.375000+00:00,-1.5188286142467633,0.2762
P45_06_CTD_05,1251.375,10.527,29.0822,5.770637,0.0239,55.0,0.0902,17.66,2.5078,184.049,35.2231,22.2049,179.704,10.469,29.0797,4,0.0,2026-04-16 17:35:36.375000+00:00,-1.8246206970114942,0.2142
P45_06_CTD_05,1252.375,9.832,29.1012,5.772634,0.0294,125.0,0.0852,18.201,2.5114,183.707,35.2231,22.1985,180.137,9.778,29.0988,4,0.0,2026-04-16 17:35:37.375000+00:00,-1.8724049038031318,0.1702
P45_06_CTD_05,1253.375,9.152,29.12,5.773993,0.0312,50.0,0.0864,18.676,2.5128,183.784,35.2188,22.1889,179.726,9.102,29.1178,4,0.0,2026-04-16 17:35:38.375000+00:00,-1.495765224489796,0.0974
P45_06_CTD_05,1254.375,8.758,29.1449,5.775733,0.0478,52.5,0.0826,19.012,2.5061,183.68,35.2126,22.1759,178.865,8.71,29.1427,4,0.0,2026-04-16 17:35:39.375000+00:00,-0.3256016364974246,0.039000001
P45_06_CTD_05,1255.375,8.456,29.1712,5.777947,0.0349,-72.5,0.0824,19.586,2.5032,183.406,35.2084,22.1639,178.943,8.409,29.1691,4,0.0,2026-04-16 17:35:40.375000+00:00,-1.7512822840323767,0.0482
P45_06_CTD_05,1256.375,7.703,29.2273,5.783841,0.0349,70.0,0.0793,20.89,2.5062,183.077,35.2079,22.1446,179.134,7.66,29.2254,4,0.0,2026-04-16 17:35:41.375000+00:00,-1.678046224608501,0.121
P45_06_CTD_05,1257.375,6.905,29.3084,5.792587,0.0275,5.0,0.0765,20.899,2.5063,183.339,35.2085,22.1177,178.594,6.867,29.3067,4,0.0,2026-04-16 17:35:42.375000+00:00,-1.0372930195376586,0.1938
P45_06_CTD_05,1258.625,6.726,29.3556,5.797381,0.0441,105.0,0.075,20.64,2.5005,183.282,35.2068,22.1005,177.922,6.688,29.354,2,0.0,2026-04-16 17:35:43.625000+00:00,-1.9103457813097866,0.030999999
P45_06_CTD_05,1259.375,6.321,29.3597,5.796676,0.0275,87.5,0.0777,22.878,2.5018,182.301,35.199,22.0932,178.272,6.286,29.3582,4,0.0,2026-04-16 17:35:44.375000+00:00,-1.2402928326530613,0.3394
P45_06_CTD_05,1260.375,5.287,29.3761,5.798937,0.022,67.5,0.0768,24.048,2.5043,181.776,35.2028,22.0905,178.583,5.257,29.3748,4,0.0,2026-04-16 17:35:45.375000+00:00,-0.9412074860166288,0.3978
P45_06_CTD_05,1261.375,4.719,29.3788,5.799049,0.0184,107.5,0.0781,23.567,2.5078,182.451,35.2018,22.0888,178.703,4.693,29.3776,4,0.0,2026-04-16 17:35:46.375000+00:00,-0.9156880011773363,0.485
P45_06_CTD_05,1262.375,4.543,29.3769,5.798675,0.0312,95.0,0.078,24.313,2.506,182.56,35.2006,22.0885,178.347,4.518,29.3758,4,0.0,2026-04-16 17:35:47.375000+00:00,-0.8897316716553288,0.515
P45_06_CTD_05,1263.375,3.822,29.3851,5.799683,0.0459,5.0,0.0772,27.919,2.506,181.883,35.2018,22.0865,178.578,3.801,29.3841,4,0.0,2026-04-16 17:35:48.375000+00:00,-0.848231285260771,0.4566
P45_06_CTD_05,1264.375,2.809,29.4091,5.802381,0.0349,90.0,0.0755,29.809,2.5084,181.707,35.2028,22.0792,178.481,2.793,29.4084,4,0.0,2026-04-16 17:35:49.375000+00:00,-1.0070824500367916,0.3982
P45_06_CTD_05,1267.375,2.223,29.4215,5.803284,0.0294,55.0,0.0772,30.121,2.5048,182.286,35.2001,22.0729,178.271,2.21,29.421,4,0.0,2026-04-16 17:35:52.375000+00:00,-0.8177999476943583,0.2014
P45_06_CTD_05,1273.625,1.648,29.4164,5.802927,0.0257,115.0,0.0846,29.554,2.5126,182.565,35.2015,22.0757,179.161,1.639,29.416,2,0.0,2026-04-16 17:35:58.625000+00:00,-1.0079592675555555,0.0614
P45_06_CTD_05,1277.375,1.149,29.4195,5.803339,0.0349,0.0,0.0764,34.365,2.5066,181.636,35.2023,22.0751,178.155,1.143,29.4192,4,0.0,2026-04-16 17:36:02.375000+00:00,-0.8081833386666667,0.4582
P45_06_CTD_05,1318.5,0.829,29.4329,5.805109,0.0441,96.6667,0.0777,34.387,2.4996,180.791,35.2047,22.0724,177.635,0.824,29.4327,3,0.0,2026-04-16 17:36:43.500000+00:00,-0.32582623211335116,1.4952
P45_06_CTD_05,1319.375,0.605,29.4344,5.805306,0.0294,12.5,0.0788,30.161,2.5,181.348,35.2049,22.072,177.621,0.602,29.4343,4,0.0,2026-04-16 17:36:44.375000+00:00,,2.3702
P45_06_CTD_05,1320.25,0.536,29.4344,5.805283,0.0514,53.3333,0.0849,32.699,2.4984,181.421,35.2048,22.0719,177.578,0.533,29.4343,3,0.0,2026-04-16 17:36:45.250000+00:00,,3.2452
P45_06_CTD_05,1334.375,0.061,29.4345,5.805229,0.0239,12.5,1.4724,31.803,2.0857,181.141,35.2045,22.0716,139.288,0.061,29.4345,4,0.0,2026-04-16 17:36:59.375000+00:00,,5.1194
